<?xml version="1.0" encoding="UTF-8"?>
<Project>
    <!--升级版本信息，jar包信息-->
    <name>BUDGETFRAMEWORK</name>
    <!-- 子系统ID -->
    <sysId>103</sysId>
    <description>预算公共组件</description>
    <version>2016.07.30.00(build20161216)</version>
    <!--脚本升级版本日志表,记录脚本依赖关系-->
    <versionTable>gap_version_framework</versionTable>
    <!--基线版本,用于增量升级时，检测依赖，只有目前库里版本大于等于此基线版本，才可进行增量升级。为空表示不进行任何依赖-->
    <baseversion>2015.07.30.00(build20151216)</baseversion>
    <!--工程部署名 -->
    <contextName>realware</contextName>
    <!--需要清除的文件,仅支持文件名的统配符*-->
    <cleanup>
        <string>js/budget.js</string>
        <string>WEB-INF/lib/grp.budget.invest*.jar</string>
    </cleanup>
    <!-- 升级文件夹路径指定 -->
    <serverPath>服务器端</serverPath>
    <clientPath>客户端</clientPath>
    <databasePath>脚本</databasePath>
    <!-- 含个性化脚本的地区，个性化脚本，需按此创建文件夹 -->
    <specialRegion>
    	<string>0-产品化</string>
    	<string>1-太仓</string>
    </specialRegion>
</Project>