<?xml version="1.0" encoding="UTF-8"?>
<Project>
    <!--升级版本信息，jar包信息-->
    <name>BUDGETFRAMEWORK</name>
    <!-- 子系统ID -->
    <sysId>103</sysId>
    <description>预算公共组件</description>
    <version>2016.07.30.00(build20161216)</version>
    <!--脚本升级版本日志表,记录脚本依赖关系-->
    <versionTable>gap_version_framework</versionTable>
    <!--基线版本,用于增量升级时，检测依赖，只有目前库里版本大于等于此基线版本，才可进行增量升级。为空表示不进行任何依赖-->
    <baseversion>2015.07.30.00(build20151216)</baseversion>
    <!--需要清除的文件以配置文件domain.path指定的服务路径作为根目录,仅支持文件名的统配符*-->
    <cleanupServer>
        <string>realware/WEB-INF/lib/grp.budget.invest*.jar</string>
    </cleanupServer>
    <!--需要清除的文件以配置文件domain.dll.path指定的客户端路劲作为根目录-->
    <cleanupClient>
        <string>grp.budget.investment.dll</string>
    </cleanupClient>
    <!-- 升级文件夹路径指定 -->
    <serverPath>服务器端</serverPath>
    <clientPath>客户端</clientPath>
    <databasePath>脚本</databasePath>
    <!--是否涉及常态库，默认为false,如果涉及，脚本结果需要分[常态库]、[年度库] 进行存放-->
    <isPmDb>false</isPmDb>
    <!--是否为WEB版本，否则为CS版本-->
    <isWeb>false</isWeb>
    <!-- 含个性化脚本的地区，个性化脚本，需按此创建文件夹 0 默认为产品化版本-->
    <specialRegion>
    	<string>1-太仓</string>
    </specialRegion>
</Project>